{
  "global": {
    "mrr": 0.4232970328282833,
    "hit@1": 0.24375,
    "ndcg@1": 0.24375,
    "hit@3": 0.45,
    "ndcg@3": 0.361604597276789
  },
  "region": {
    "trung": {
      "count": 80,
      "mrr": 0.4059086399711399,
      "hit@1": 0.225,
      "ndcg@1": 0.225,
      "hit@3": 0.45,
      "ndcg@3": 0.35386621919643224
    },
    "bắc": {
      "count": 61,
      "mrr": 0.3922923615546566,
      "hit@1": 0.21311475409836064,
      "ndcg@1": 0.21311475409836064,
      "hit@3": 0.36065573770491804,
      "ndcg@3": 0.2976171929156933
    },
    "nam": {
      "count": 19,
      "mrr": 0.5960526315789473,
      "hit@1": 0.42105263157894735,
      "ndcg@1": 0.42105263157894735,
      "hit@3": 0.7368421052631579,
      "ndcg@3": 0.5996204874060197
    }
  },
  "type": {
    "chính": {
      "count": 101,
      "mrr": 0.41169759833126185,
      "hit@1": 0.22772277227722773,
      "ndcg@1": 0.22772277227722773,
      "hit@3": 0.45544554455445546,
      "ndcg@3": 0.3584365029349401
    },
    "vặt": {
      "count": 59,
      "mrr": 0.4431536918825054,
      "hit@1": 0.2711864406779661,
      "ndcg@1": 0.2711864406779661,
      "hit@3": 0.4406779661016949,
      "ndcg@3": 0.36702794521792015
    }
  },
  "veg": {
    "mặn": {
      "count": 151,
      "mrr": 0.41440230115726845,
      "hit@1": 0.23178807947019867,
      "ndcg@1": 0.23178807947019867,
      "hit@3": 0.44370860927152317,
      "ndcg@3": 0.3524887802034091
    },
    "chay": {
      "count": 9,
      "mrr": 0.5725308641975307,
      "hit@1": 0.4444444444444444,
      "ndcg@1": 0.4444444444444444,
      "hit@3": 0.5555555555555556,
      "ndcg@3": 0.5145477503968287
    }
  }
}