{
  "global": {
    "mrr": 0.40126082251082273,
    "hit@1": 0.20625,
    "ndcg@1": 0.20625,
    "hit@3": 0.45,
    "ndcg@3": 0.3469461520758971
  },
  "region": {
    "trung": {
      "count": 80,
      "mrr": 0.3582007575757574,
      "hit@1": 0.175,
      "ndcg@1": 0.175,
      "hit@3": 0.3875,
      "ndcg@3": 0.29434297535714576
    },
    "bắc": {
      "count": 61,
      "mrr": 0.3984263004754806,
      "hit@1": 0.18032786885245902,
      "ndcg@1": 0.18032786885245902,
      "hit@3": 0.45901639344262296,
      "ndcg@3": 0.3454288039812704
    },
    "nam": {
      "count": 19,
      "mrr": 0.5916666666666666,
      "hit@1": 0.42105263157894735,
      "ndcg@1": 0.42105263157894735,
      "hit@3": 0.6842105263157895,
      "ndcg@3": 0.5733046979323354
    }
  },
  "type": {
    "chính": {
      "count": 101,
      "mrr": 0.3783096166759532,
      "hit@1": 0.18811881188118812,
      "ndcg@1": 0.18811881188118812,
      "hit@3": 0.42574257425742573,
      "ndcg@3": 0.32378303758840543
    },
    "vặt": {
      "count": 59,
      "mrr": 0.4405501748722087,
      "hit@1": 0.23728813559322035,
      "ndcg@1": 0.23728813559322035,
      "hit@3": 0.4915254237288136,
      "ndcg@3": 0.3865982633171962
    }
  },
  "veg": {
    "mặn": {
      "count": 151,
      "mrr": 0.39636908345517635,
      "hit@1": 0.2052980132450331,
      "ndcg@1": 0.2052980132450331,
      "hit@3": 0.4370860927152318,
      "ndcg@3": 0.33766665773415694
    },
    "chay": {
      "count": 9,
      "mrr": 0.4833333333333333,
      "hit@1": 0.2222222222222222,
      "ndcg@1": 0.2222222222222222,
      "hit@3": 0.6666666666666666,
      "ndcg@3": 0.5026354460317589
    }
  }
}