{
  "global": {
    "mrr": 0.4066829004329007,
    "hit@1": 0.2125,
    "ndcg@1": 0.2125,
    "hit@3": 0.46875,
    "ndcg@3": 0.35617290823661063
  },
  "region": {
    "trung": {
      "count": 80,
      "mrr": 0.39583964646464637,
      "hit@1": 0.2,
      "ndcg@1": 0.2,
      "hit@3": 0.45,
      "ndcg@3": 0.34300284111607543
    },
    "bắc": {
      "count": 61,
      "mrr": 0.35946053036216963,
      "hit@1": 0.14754098360655737,
      "ndcg@1": 0.14754098360655737,
      "hit@3": 0.4426229508196721,
      "ndcg@3": 0.31010669303279026
    },
    "nam": {
      "count": 19,
      "mrr": 0.6039473684210526,
      "hit@1": 0.47368421052631576,
      "ndcg@1": 0.47368421052631576,
      "hit@3": 0.631578947368421,
      "ndcg@3": 0.5595226186090241
    }
  },
  "type": {
    "chính": {
      "count": 101,
      "mrr": 0.38358693012158357,
      "hit@1": 0.18811881188118812,
      "ndcg@1": 0.18811881188118812,
      "hit@3": 0.43564356435643564,
      "ndcg@3": 0.3287335326379104
    },
    "vặt": {
      "count": 59,
      "mrr": 0.44622006994888347,
      "hit@1": 0.2542372881355932,
      "ndcg@1": 0.2542372881355932,
      "hit@3": 0.5254237288135594,
      "ndcg@3": 0.40314539866828386
    }
  },
  "veg": {
    "mặn": {
      "count": 151,
      "mrr": 0.402153751325937,
      "hit@1": 0.2052980132450331,
      "ndcg@1": 0.2052980132450331,
      "hit@3": 0.46357615894039733,
      "ndcg@3": 0.3500446063860016
    },
    "chay": {
      "count": 9,
      "mrr": 0.4826719576719576,
      "hit@1": 0.3333333333333333,
      "ndcg@1": 0.3333333333333333,
      "hit@3": 0.5555555555555556,
      "ndcg@3": 0.45899219484127307
    }
  }
}