{
  "global": {
    "mrr": 0.40355248917748954,
    "hit@1": 0.21875,
    "ndcg@1": 0.21875,
    "hit@3": 0.4625,
    "ndcg@3": 0.3496264205580377
  },
  "region": {
    "trung": {
      "count": 80,
      "mrr": 0.36577967171717163,
      "hit@1": 0.175,
      "ndcg@1": 0.175,
      "hit@3": 0.4125,
      "ndcg@3": 0.3052063534375026
    },
    "bắc": {
      "count": 61,
      "mrr": 0.41701913751094066,
      "hit@1": 0.22950819672131148,
      "ndcg@1": 0.22950819672131148,
      "hit@3": 0.4918032786885246,
      "ndcg@3": 0.3692412953161612
    },
    "nam": {
      "count": 19,
      "mrr": 0.5193609022556391,
      "hit@1": 0.3684210526315789,
      "ndcg@1": 0.3684210526315789,
      "hit@3": 0.5789473684210527,
      "ndcg@3": 0.47368421052631576
    }
  },
  "type": {
    "chính": {
      "count": 101,
      "mrr": 0.37397596902547403,
      "hit@1": 0.18811881188118812,
      "ndcg@1": 0.18811881188118812,
      "hit@3": 0.42574257425742573,
      "ndcg@3": 0.31600503242574457
    },
    "vặt": {
      "count": 59,
      "mrr": 0.4541834813021253,
      "hit@1": 0.2711864406779661,
      "ndcg@1": 0.2711864406779661,
      "hit@3": 0.5254237288135594,
      "ndcg@3": 0.4071816782082344
    }
  },
  "veg": {
    "mặn": {
      "count": 151,
      "mrr": 0.398174507611594,
      "hit@1": 0.2119205298013245,
      "ndcg@1": 0.2119205298013245,
      "hit@3": 0.45695364238410596,
      "ndcg@3": 0.34310793070009654
    },
    "chay": {
      "count": 9,
      "mrr": 0.49378306878306877,
      "hit@1": 0.3333333333333333,
      "ndcg@1": 0.3333333333333333,
      "hit@3": 0.5555555555555556,
      "ndcg@3": 0.45899219484127307
    }
  }
}